Date,AMAR,BIDI,SPXI11,MGLU,NTCO,BOVA,BRFS,GGBR,VALE3
2019-12-18,12.109999656677246,14.818278312683105,136.3000030517578,12.132499694824219,36.7599983215332,110.16000366210938,34.33000183105469,17.829999923706055,53.470001220703125
2019-12-19,12.1899995803833,14.581798553466797,136.8699951171875,12.154999732971191,38.849998474121094,110.81999969482422,34.369998931884766,18.270000457763672,54.0
2019-12-20,12.369999885559082,14.555152893066406,138.60000610351562,12.147500038146973,39.040000915527344,110.83999633789062,34.810001373291016,19.149999618530273,54.790000915527344
2019-12-23,12.789999961853027,14.45190143585205,137.49000549316406,12.1850004196167,39.849998474121094,111.66999816894531,34.529998779296875,19.459999084472656,54.58000183105469
2019-12-26,13.229999542236328,14.651742935180664,137.36000061035156,12.272500038146973,39.439998626708984,112.80999755859375,35.18000030517578,19.889999389648438,54.790000915527344
2019-12-27,13.180000305175781,14.8316011428833,137.14999389648438,12.182499885559082,38.869998931884766,112.16999816894531,35.2400016784668,19.8799991607666,53.599998474121094
2019-12-30,13.279999732971191,15.614315032958984,135.47000122070312,11.925000190734863,38.66999816894531,111.2300033569336,35.20000076293945,20.0,53.29999923706055
2020-01-02,13.460000038146973,15.151348114013672,137.0,12.332500457763672,38.33000183105469,114.23999786376953,35.880001068115234,20.760000228881836,54.33000183105469
2020-01-03,13.949999809265137,15.504402160644531,137.3300018310547,12.22249984741211,41.0,113.80000305175781,35.939998626708984,20.420000076293945,53.93000030517578
2020-01-06,13.630000114440918,16.79338264465332,138.05999755859375,12.232500076293945,40.130001068115234,112.58999633789062,35.56999969482422,20.3700008392334,53.61000061035156
2020-01-07,13.670000076293945,17.52946662902832,137.64999389648438,12.197500228881836,40.779998779296875,112.23999786376953,35.15999984741211,20.690000534057617,54.0
2020-01-08,13.869999885559082,17.42621421813965,138.3699951171875,12.572500228881836,40.9900016784668,111.94999694824219,36.5099983215332,20.770000457763672,54.0099983215332
2020-01-09,14.3100004196167,16.826690673828125,140.19000244140625,13.020000457763672,42.0,111.66000366210938,36.84000015258789,20.65999984741211,53.29999923706055
2020-01-10,14.289999961853027,18.26222038269043,140.2100067138672,12.949999809265137,42.88999938964844,111.27999877929688,36.34000015258789,20.940000534057617,53.36000061035156
2020-01-13,14.369999885559082,18.172292709350586,142.58999633789062,13.557499885559082,43.72999954223633,113.08000183105469,36.70000076293945,21.84000015258789,55.29999923706055
2020-01-14,14.1899995803833,17.845882415771484,141.97999572753906,13.5,44.2599983215332,113.31999969482422,36.54999923706055,21.420000076293945,55.63999938964844
2020-01-15,13.859999656677246,18.062379837036133,144.08999633789062,13.414999961853027,44.58000183105469,112.18000030517578,36.470001220703125,21.100000381469727,55.459999084472656
2020-01-16,13.569999694824219,18.848424911499023,145.3300018310547,13.364999771118164,45.40999984741211,112.3499984741211,35.869998931884766,21.299999237060547,55.16999816894531
2020-01-17,13.670000076293945,18.885061264038086,145.08999633789062,13.587499618530273,45.880001068115234,114.0999984741211,35.75,21.56999969482422,57.0
2020-01-20,13.6899995803833,18.878400802612305,145.6999969482422,14.0,46.5,114.41000366210938,36.04999923706055,22.270000457763672,57.36000061035156
2020-01-21,14.079999923706055,18.96832847595215,146.52999877929688,13.977499961853027,45.95000076293945,112.6500015258789,35.43000030517578,21.799999237060547,56.029998779296875
2020-01-22,13.949999809265137,18.172292709350586,145.5500030517578,13.922499656677246,47.75,114.0999984741211,35.599998474121094,22.06999969482422,56.29999923706055
2020-01-23,13.970000267028809,18.551992416381836,145.25,14.145000457763672,49.380001068115234,115.20999908447266,34.84000015258789,22.15999984741211,55.5
2020-01-24,14.1899995803833,18.152307510375977,144.32000732421875,14.037500381469727,49.18000030517578,114.0,33.83000183105469,21.670000076293945,53.79999923706055
2020-01-27,13.699999809265137,17.309640884399414,142.75,13.449999809265137,47.470001220703125,110.29000091552734,31.780000686645508,19.950000762939453,50.5099983215332
2020-01-28,13.869999885559082,16.98989486694336,143.6999969482422,14.2475004196167,49.040000915527344,112.30000305175781,31.360000610351562,20.200000762939453,51.20000076293945
2020-01-29,13.850000381469727,16.876649856567383,144.9499969482422,14.322500228881836,48.349998474121094,110.87999725341797,31.100000381469727,20.139999389648438,50.75
2020-01-30,13.699999809265137,15.924070358276367,146.0800018310547,14.125,48.95000076293945,111.19000244140625,30.600000381469727,20.739999771118164,51.5
2020-01-31,13.40999984741211,15.980691909790039,144.47999572753906,13.949999809265137,47.58000183105469,108.9000015258789,30.549999237060547,20.049999237060547,50.27000045776367
2020-02-03,13.5600004196167,16.123912811279297,144.47999572753906,14.132499694824219,47.790000915527344,110.41999816894531,31.56999969482422,20.549999237060547,50.90999984741211
2020-02-04,13.5,16.826690673828125,147.02999877929688,14.414999961853027,48.52000045776367,111.20999908447266,32.18000030517578,21.43000030517578,52.27000045776367
2020-02-05,13.550000190734863,16.570226669311523,148.22000122070312,14.324999809265137,48.5,111.7699966430664,32.06999969482422,21.399999618530273,52.9900016784668
2020-02-06,13.390000343322754,16.473636627197266,150.19000244140625,13.957500457763672,47.040000915527344,110.94999694824219,31.850000381469727,21.239999771118164,53.279998779296875
2020-02-07,13.069999694824219,16.05729866027832,150.6699981689453,13.557499885559082,45.56999969482422,109.3499984741211,31.540000915527344,20.25,52.099998474121094
2020-02-10,12.5600004196167,15.41114330291748,152.02999877929688,13.095000267028809,44.97999954223633,108.79000091552734,30.84000015258789,19.93000030517578,50.189998626708984
2020-02-11,13.260000228881836,15.960707664489746,152.4199981689453,13.567500114440918,47.79999923706055,111.30000305175781,30.899999618530273,21.09000015258789,52.04999923706055
2020-02-12,13.0600004196167,16.580217361450195,154.22999572753906,13.984999656677246,49.279998779296875,112.44999694824219,31.25,21.280000686645508,53.06999969482422
2020-02-13,13.369999885559082,16.23715591430664,153.94000244140625,14.262499809265137,49.16999816894531,110.9000015258789,31.329999923706055,21.18000030517578,52.13999938964844
2020-02-14,13.59000015258789,15.797504425048828,152.2899932861328,14.082500457763672,50.88999938964844,110.08000183105469,30.899999618530273,20.5,51.0
2020-02-17,13.600000381469727,15.484417915344238,157.97999572753906,14.712499618530273,50.619998931884766,110.80000305175781,31.0,20.700000762939453,53.40999984741211
2020-02-18,13.989999771118164,15.277915000915527,154.22000122070312,14.555000305175781,49.856109619140625,111.13999938964844,30.850000381469727,20.520000457763672,52.79999923706055
2020-02-19,14.15999984741211,15.414472579956055,155.05999755859375,14.46500015258789,50.346073150634766,112.08000183105469,31.15999984741211,20.43000030517578,52.810001373291016
2020-02-20,14.350000381469727,15.414472579956055,155.3699951171875,14.135000228881836,49.99610137939453,110.19999694824219,30.68000030517578,19.530000686645508,52.20000076293945
2020-02-21,15.279999732971191,15.487749099731445,153.69000244140625,14.112500190734863,48.4962158203125,109.44999694824219,30.360000610351562,19.100000381469727,50.130001068115234
2020-02-27,13.65999984741211,15.38782787322998,140.35000610351562,12.5625,45.52644729614258,99.19999694824219,27.530000686645508,17.09000015258789,44.470001220703125
2020-02-28,13.720000267028809,14.881562232971191,138.9499969482422,12.630000114440918,45.50645065307617,100.5999984741211,27.040000915527344,16.93000030517578,44.310001373291016
2020-03-02,14.0,15.667606353759766,145.16000366210938,13.137499809265137,44.80650329589844,102.98999786376953,28.200000762939453,17.309999465942383,46.36000061035156
2020-03-03,13.4399995803833,14.881562232971191,142.3000030517578,13.212499618530273,44.49652862548828,101.75,26.149999618530273,17.459999084472656,46.349998474121094
2020-03-04,13.649999618530273,14.864908218383789,150.2100067138672,13.112500190734863,44.16655349731445,103.0999984741211,26.65999984741211,18.329999923706055,48.56999969482422
2020-03-05,12.59000015258789,13.565936088562012,146.5500030517578,11.947500228881836,41.24678039550781,98.79000091552734,25.600000381469727,17.43000030517578,46.849998474121094
2020-03-06,12.020000457763672,12.496781349182129,144.47999572753906,11.332500457763672,39.79689407348633,94.4000015258789,23.110000610351562,16.149999618530273,44.61000061035156
2020-03-09,10.510000228881836,9.825560569763184,135.97999572753906,10.09000015258789,35.9971923828125,82.69999694824219,20.0,13.25,37.83000183105469
2020-03-10,11.039999961853027,11.161170959472656,140.10000610351562,11.7475004196167,39.09695053100586,88.62999725341797,20.84000015258789,14.34000015258789,44.810001373291016
2020-03-11,10.300000190734863,9.742293357849121,135.60000610351562,10.770000457763672,35.90719985961914,82.05999755859375,18.5,12.6899995803833,40.7400016784668
2020-03-12,7.940000057220459,8.163541793823242,123.7300033569336,8.5,28.507776260375977,70.0999984741211,15.25,10.600000381469727,35.349998474121094
2020-03-13,9.890000343322754,9.992095947265625,136.66000366210938,10.5,32.9974250793457,79.48999786376953,16.489999771118164,12.449999809265137,42.900001525878906
2020-03-16,6.699999809265137,8.493281364440918,125.91999816894531,8.517499923706055,24.998050689697266,68.4000015258789,13.25,10.6899995803833,39.040000915527344
2020-03-17,5.940000057220459,8.72642993927002,133.3000030517578,8.892499923706055,27.837827682495117,71.0,14.25,10.819999694824219,41.5099983215332
2020-03-18,3.9600000381469727,8.270124435424805,130.42999267578125,7.202499866485596,25.198034286499023,65.01000213623047,13.010000228881836,9.510000228881836,38.650001525878906
2020-03-19,4.300000190734863,8.626508712768555,128.39999389648438,7.637499809265137,25.88797950744629,65.0,14.899999618530273,9.59000015258789,36.400001525878906
2020-03-20,4.940000057220459,9.226035118103027,121.3499984741211,7.662499904632568,25.16803550720215,64.7699966430664,14.149999618530273,9.25,35.189998626708984
2020-03-23,3.75,9.156089782714844,120.0999984741211,7.552499771118164,21.248342514038086,61.13999938964844,14.029999732971191,8.640000343322754,34.099998474121094
2020-03-24,4.03000020980835,9.818899154663086,129.9199981689453,9.170000076293945,24.89805793762207,67.4000015258789,15.039999961853027,9.520000457763672,37.63999938964844
2020-03-25,5.369999885559082,10.258551597595215,130.82000732421875,10.0,28.89774513244629,71.7300033569336,15.90999984741211,10.520000457763672,40.849998474121094
2020-03-26,5.630000114440918,11.321044921875,137.50999450683594,10.279999732971191,28.997737884521484,74.56999969482422,15.970000267028809,10.930000305175781,42.0
2020-03-27,5.75,11.171162605285645,136.5,9.75,28.547773361206055,70.22000122070312,14.869999885559082,10.100000381469727,40.099998474121094
2020-03-30,5.099999904632568,10.831432342529297,142.52000427246094,10.399999618530273,27.427860260009766,71.97000122070312,14.510000228881836,9.779999732971191,41.77000045776367
2020-03-31,4.599999904632568,10.521677017211914,141.25,9.7475004196167,25.737991333007812,69.3499984741211,15.09000015258789,10.050000190734863,43.220001220703125
2020-04-01,4.090000152587891,10.165291786193848,136.22000122070312,9.369999885559082,23.188190460205078,68.18000030517578,15.609999656677246,9.569999694824219,43.369998931884766
2020-04-02,3.799999952316284,10.371794700622559,139.82000732421875,8.97249984741211,23.878137588500977,69.62999725341797,16.25,10.039999961853027,42.779998779296875
2020-04-03,3.9200000762939453,9.445860862731934,139.14999389648438,8.885000228881836,23.678152084350586,66.9000015258789,15.260000228881836,9.329999923706055,40.5
2020-04-06,4.010000228881836,9.659026145935059,147.6199951171875,9.550000190734863,26.437936782836914,71.56999969482422,17.68000030517578,9.699999809265137,43.130001068115234
2020-04-07,4.400000095367432,9.499152183532715,146.02000427246094,10.022500038146973,28.957740783691406,73.51000213623047,17.530000686645508,10.319999694824219,43.779998779296875
2020-04-08,4.75,9.325956344604492,147.8800048828125,10.489999771118164,30.107650756835938,75.7300033569336,17.399999618530273,11.050000190734863,43.5099983215332
2020-04-09,5.21999979019165,9.765607833862305,149.35000610351562,10.412500381469727,28.977739334106445,74.87000274658203,18.040000915527344,10.699999809265137,43.279998779296875
2020-04-13,5.25,9.459183692932129,150.1999969482422,10.477499961853027,28.257795333862305,75.95999908447266,17.81999969482422,11.229999542236328,44.56999969482422
2020-04-14,5.429999828338623,9.659026145935059,154.5500030517578,10.725000381469727,29.777677536010742,76.8499984741211,18.860000610351562,11.5600004196167,44.529998779296875
2020-04-15,5.369999885559082,9.355932235717773,153.42999267578125,10.962499618530273,31.79751968383789,76.05000305175781,19.049999237060547,11.3100004196167,43.189998626708984
2020-04-16,5.460000038146973,9.036185264587402,154.75,11.392499923706055,32.327476501464844,74.93000030517578,19.270000457763672,11.579999923706055,42.7599983215332
2020-04-17,5.800000190734863,9.176074981689453,158.3800048828125,11.147500038146973,33.337398529052734,76.0,19.049999237060547,12.300000190734863,44.0
2020-04-20,5.800000190734863,9.209382057189941,157.64999389648438,12.119999885559082,33.45738983154297,75.66000366210938,18.920000076293945,11.850000381469727,42.459999084472656
2020-04-22,6.400000095367432,9.315963745117188,159.3800048828125,12.637499809265137,34.99726867675781,77.69999694824219,19.450000762939453,11.699999809265137,42.900001525878906
2020-04-23,6.199999809265137,9.82889175415039,162.6999969482422,12.367500305175781,34.5973014831543,76.6500015258789,19.510000228881836,11.930000305175781,43.5099983215332
2020-04-24,5.900000095367432,9.379246711730957,168.58999633789062,11.845000267028809,33.22740936279297,72.41000366210938,18.549999237060547,10.930000305175781,43.7599983215332
2020-04-27,5.860000133514404,9.266002655029297,171.5500030517578,12.375,35.397239685058594,75.29000091552734,20.559999465942383,11.319999694824219,44.54999923706055
2020-04-28,6.380000114440918,9.592411994934082,166.0800018310547,12.949999809265137,35.05726623535156,78.30000305175781,20.309999465942383,11.979999542236328,44.61000061035156
2020-04-29,6.260000228881836,9.629050254821777,165.42999267578125,12.654999732971191,36.31716537475586,80.18000030517578,20.3799991607666,12.460000038146973,46.72999954223633
2020-04-30,6.570000171661377,9.385909080505371,166.39999389648438,12.425000190734863,35.51722717285156,77.20999908447266,19.389999389648438,11.739999771118164,44.86000061035156
2020-05-04,6.150000095367432,9.056168556213379,165.75,12.859999656677246,34.397315979003906,76.0999984741211,18.399999618530273,11.470000267028809,43.93000030517578
2020-05-05,6.0,9.189396858215332,169.0,12.550000190734863,34.51730728149414,76.54000091552734,18.34000015258789,11.510000228881836,43.70000076293945
2020-05-06,5.869999885559082,9.092806816101074,171.16000366210938,13.787500381469727,36.497154235839844,76.19999694824219,18.309999465942383,11.640000343322754,44.33000183105469
2020-05-07,5.579999923706055,8.733092308044434,177.14999389648438,14.197500228881836,36.44715881347656,75.4000015258789,18.40999984741211,12.449999809265137,46.04999923706055
2020-05-08,5.510000228881836,8.583209991455078,176.8000030517578,13.885000228881836,35.69721603393555,77.43000030517578,18.739999771118164,13.0,48.849998474121094
2020-05-11,5.360000133514404,8.589872360229492,179.5,13.737500190734863,34.147335052490234,76.13999938964844,20.850000381469727,12.5,47.72999954223633
2020-05-12,4.940000057220459,8.366715431213379,177.4499969482422,13.699999809265137,32.04750061035156,75.0,20.3700008392334,12.130000114440918,47.459999084472656
2020-05-13,4.579999923706055,8.54990291595459,175.17999267578125,13.774999618530273,32.43000030517578,75.1500015258789,22.850000381469727,11.630000114440918,48.540000915527344
2020-05-14,4.880000114440918,8.852996826171875,174.72000122070312,13.875,33.2400016784668,76.25,23.059999465942383,11.739999771118164,48.09000015258789
2020-05-15,4.789999961853027,8.803035736083984,176.5500030517578,13.782500267028809,32.18000030517578,74.55999755859375,22.65999984741211,10.920000076293945,48.04999923706055
2020-05-18,5.400000095367432,9.325956344604492,177.97999572753906,13.9375,33.36000061035156,78.02999877929688,21.739999771118164,11.819999694824219,51.2599983215332
2020-05-19,5.539999961853027,9.325956344604492,177.5399932861328,14.645000457763672,32.540000915527344,77.6500015258789,22.0,11.800000190734863,52.29999923706055
2020-05-20,5.659999847412109,8.756406784057617,178.22999572753906,14.225000381469727,33.709999084472656,78.44999694824219,22.469999313354492,11.920000076293945,52.5
2020-05-21,6.210000038146973,8.693122863769531,173.52000427246094,14.572500228881836,33.90999984741211,79.97000122070312,21.799999237060547,12.050000190734863,51.130001068115234
2020-05-22,5.840000152587891,9.049508094787598,173.1999969482422,14.412500381469727,34.099998474121094,79.94000244140625,21.760000228881836,11.600000381469727,50.27000045776367
2020-05-25,6.559999942779541,9.992095947265625,176.5,15.100000381469727,35.13999938964844,82.5999984741211,21.75,12.359999656677246,50.099998474121094
2020-05-26,6.949999809265137,11.057918548583984,168.8300018310547,16.1200008392334,36.08000183105469,82.44999694824219,22.5,11.949999809265137,49.20000076293945
2020-05-27,7.440000057220459,11.121203422546387,169.3800048828125,16.84000015258789,38.70000076293945,84.68000030517578,23.25,13.260000228881836,50.63999938964844
2020-05-28,7.230000019073486,10.858077049255371,172.35000610351562,16.3125,37.7400016784668,83.6500015258789,23.209999084472656,13.529999732971191,50.09000015258789
2020-05-29,7.590000152587891,10.784802436828613,170.60000610351562,16.087499618530273,37.18000030517578,84.1500015258789,23.1299991607666,13.430000305175781,53.0
2020-06-01,7.699999809265137,11.574177742004395,174.02000427246094,15.925000190734863,37.970001220703125,85.33000183105469,23.670000076293945,13.520000457763672,53.41999816894531
2020-06-02,8.100000381469727,11.321044921875,169.8000030517578,15.449999809265137,38.0099983215332,87.77999877929688,23.350000381469727,14.359999656677246,53.41999816894531
2020-06-03,9.199999809265137,11.687420845031738,167.89999389648438,15.595000267028809,38.33000183105469,89.37000274658203,22.649999618530273,15.34000015258789,53.65999984741211
2020-06-04,9.050000190734863,11.740713119506836,168.4499969482422,15.1225004196167,37.90999984741211,90.30999755859375,23.450000762939453,15.359999656677246,55.65999984741211
2020-06-05,9.380000114440918,11.79067325592041,168.05999755859375,14.862500190734863,40.13999938964844,91.05000305175781,22.700000762939453,15.170000076293945,54.61000061035156
2020-06-08,9.220000267028809,11.687420845031738,165.88999938964844,15.595000267028809,41.290000915527344,93.94999694824219,23.25,15.5,54.779998779296875
2020-06-09,8.75,11.424296379089355,165.6199951171875,15.595000267028809,41.209999084472656,92.94999694824219,23.06999969482422,14.960000038146973,54.9900016784668
2020-06-10,8.59000015258789,10.824769973754883,166.9199981689453,16.149999618530273,40.849998474121094,91.16999816894531,22.520000457763672,14.34000015258789,54.20000076293945
2020-06-12,8.59000015258789,10.928022384643555,162.1999969482422,15.987500190734863,40.02000045776367,89.25,21.559999465942383,13.880000114440918,53.400001525878906
2020-06-15,8.529999732971191,11.104549407958984,165.85000610351562,16.462499618530273,40.58000183105469,89.06999969482422,21.200000762939453,13.550000190734863,53.880001068115234
2020-06-16,8.359999656677246,11.041266441345215,173.1199951171875,16.5,40.310001373291016,90.0,22.100000381469727,14.800000190734863,55.38999938964844
2020-06-17,8.5600004196167,11.251099586486816,172.9199981689453,16.797500610351562,41.91999816894531,91.94999694824219,22.489999771118164,14.720000267028809,56.20000076293945
2020-06-18,8.539999961853027,11.131195068359375,177.0500030517578,17.424999237060547,41.540000915527344,92.62999725341797,22.360000610351562,15.300000190734863,56.16999816894531
2020-06-19,8.8100004196167,10.961329460144043,173.89999389648438,17.850000381469727,42.22999954223633,92.63999938964844,22.450000762939453,15.449999809265137,55.16999816894531
2020-06-22,8.729999542236328,12.5767183303833,173.8000030517578,17.725000381469727,41.04999923706055,91.75,22.010000228881836,15.220000267028809,55.0
2020-06-23,8.529999732971191,12.663315773010254,171.14999389648438,17.5625,42.34000015258789,92.26000213623047,22.18000030517578,15.510000228881836,55.59000015258789
2020-06-24,8.199999809265137,12.52342700958252,171.7899932861328,17.450000762939453,41.29999923706055,90.7699966430664,21.8700008392334,15.739999771118164,55.38999938964844
2020-06-25,8.220000267028809,12.953086853027344,173.9199981689453,17.422500610351562,41.86000061035156,92.38999938964844,21.989999771118164,15.65999984741211,56.0
2020-06-26,8.170000076293945,13.615896224975586,174.02999877929688,17.337499618530273,39.900001525878906,90.22000122070312,21.450000762939453,15.180000305175781,55.619998931884766
2020-06-29,8.25,14.395279884338379,174.02999877929688,17.602500915527344,40.02000045776367,92.30000305175781,20.8700008392334,15.6899995803833,55.630001068115234
2020-06-30,8.350000381469727,13.722477912902832,177.94000244140625,17.912500381469727,39.900001525878906,91.62000274658203,21.260000228881836,16.010000228881836,55.91999816894531
2020-07-01,8.430000305175781,14.881562232971191,174.1999969482422,18.075000762939453,40.279998779296875,92.68000030517578,20.5,15.479999542236328,54.540000915527344
2020-07-02,8.289999961853027,14.71502685546875,177.41000366210938,17.524999618530273,40.810001373291016,92.5,20.399999618530273,15.779999732971191,55.4900016784668
2020-07-03,8.579999923706055,14.974821090698242,177.99000549316406,18.0,41.29999923706055,93.19000244140625,20.190000534057617,15.710000038146973,55.2599983215332
2020-07-06,8.760000228881836,15.25,179.6199951171875,17.997499465942383,40.65999984741211,95.30999755859375,21.149999618530273,16.149999618530273,56.56999969482422
2020-07-07,8.850000381469727,15.033332824707031,178.80999755859375,18.68000030517578,39.90999984741211,94.0999984741211,20.5,15.770000457763672,56.369998931884766
2020-07-08,8.760000228881836,15.399999618530273,178.97000122070312,19.174999237060547,42.31999969482422,96.0999984741211,20.90999984741211,15.960000038146973,57.31999969482422
2020-07-09,8.649999618530273,15.373332977294922,177.94000244140625,19.850000381469727,42.150001525878906,95.41000366210938,20.700000762939453,16.049999237060547,56.41999816894531
2020-07-10,8.850000381469727,16.72333335876465,178.9199981689453,20.045000076293945,42.029998779296875,96.33999633789062,20.600000381469727,16.100000381469727,56.970001220703125
2020-07-13,9.210000038146973,16.333332061767578,179.66000366210938,20.125,39.900001525878906,95.05000305175781,20.079999923706055,16.260000228881836,57.650001525878906
2020-07-14,8.850000381469727,16.376665115356445,180.39999389648438,20.125,39.68000030517578,96.5999984741211,20.100000381469727,16.600000381469727,61.70000076293945
2020-07-15,8.789999961853027,16.59666633605957,182.97999572753906,20.375,40.54999923706055,98.02999877929688,20.309999465942383,16.549999237060547,61.790000915527344
2020-07-16,8.5600004196167,16.81333351135254,180.3699951171875,20.045000076293945,40.439998626708984,96.81999969482422,20.149999618530273,16.239999771118164,60.119998931884766
2020-07-17,8.989999771118164,16.933332443237305,182.67999267578125,20.5,42.0,99.12999725341797,20.68000030517578,16.309999465942383,61.040000915527344
2020-07-20,8.890000343322754,17.133333206176758,183.0,21.75,43.439998626708984,100.5,21.25,16.309999465942383,60.79999923706055
2020-07-21,8.869999885559082,17.5766658782959,178.8000030517578,21.075000762939453,43.369998931884766,100.29000091552734,20.889999389648438,16.149999618530273,59.70000076293945
2020-07-22,8.6899995803833,18.163333892822266,175.63999938964844,21.162500381469727,43.47999954223633,100.37999725341797,20.579999923706055,16.739999771118164,59.2400016784668
2020-07-23,8.140000343322754,17.91666603088379,177.80999755859375,20.100000381469727,42.79999923706055,98.4000015258789,20.399999618530273,16.389999389648438,58.849998474121094
2020-07-24,8.050000190734863,18.25666618347168,176.52000427246094,19.917499542236328,42.599998474121094,98.58999633789062,20.329999923706055,17.139999389648438,58.599998474121094
2020-07-27,7.880000114440918,18.536666870117188,175.77000427246094,19.837499618530273,43.18000030517578,100.45999908447266,20.1200008392334,17.84000015258789,61.369998931884766
2020-07-28,7.940000057220459,18.643333435058594,174.86000061035156,20.100000381469727,44.119998931884766,100.05000305175781,21.299999237060547,17.729999542236328,60.34000015258789
2020-07-29,7.960000038146973,19.836666107177734,177.7899932861328,20.052499771118164,47.09000015258789,101.4800033569336,21.860000610351562,17.989999771118164,62.95000076293945
2020-07-30,8.199999809265137,20.0,176.30999755859375,20.822500228881836,48.66999816894531,101.30999755859375,21.200000762939453,17.739999771118164,61.27000045776367
2020-07-31,8.15999984741211,20.19333267211914,180.16000366210938,20.177499771118164,47.040000915527344,99.29000091552734,20.700000762939453,17.450000762939453,60.709999084472656
2020-08-03,7.789999961853027,20.709999084472656,184.60000610351562,20.642499923706055,46.61000061035156,99.19999694824219,20.6299991607666,17.5,60.2599983215332
2020-08-04,7.550000190734863,20.316665649414062,184.35000610351562,20.625,46.7400016784668,97.5999984741211,20.389999389648438,17.479999542236328,60.70000076293945
2020-08-05,7.739999771118164,20.543333053588867,185.8000030517578,20.75,47.810001373291016,98.98999786376953,20.65999984741211,18.520000457763672,62.189998626708984
2020-08-06,7.769999980926514,21.22333335876465,188.35000610351562,21.477500915527344,48.029998779296875,100.16999816894531,21.90999984741211,18.059999465942383,61.83000183105469
2020-08-07,7.940000057220459,21.333332061767578,191.39999389648438,21.412500381469727,46.790000915527344,98.83000183105469,22.420000076293945,17.610000610351562,60.45000076293945
2020-08-10,7.679999828338623,21.1200008392334,193.75,20.482500076293945,46.45000076293945,99.54000091552734,21.920000076293945,18.260000228881836,62.20000076293945
2020-08-11,8.029999732971191,20.18000030517578,190.14999389648438,20.247499465942383,45.84000015258789,98.19999694824219,22.3700008392334,18.149999618530273,60.279998779296875
2020-08-12,7.650000095367432,20.083332061767578,193.60000610351562,20.014999389648438,46.619998931884766,98.33000183105469,22.700000762939453,18.110000610351562,61.5
2020-08-13,7.610000133514404,20.616666793823242,190.85000610351562,20.112499237060547,47.540000915527344,96.51000213623047,20.93000030517578,17.860000610351562,60.349998474121094
2020-08-14,7.789999961853027,19.8700008392334,193.1999969482422,20.440000534057617,51.43000030517578,97.47000122070312,20.700000762939453,17.989999771118164,61.349998474121094
2020-08-17,7.360000133514404,18.466665267944336,196.3000030517578,20.412500381469727,50.869998931884766,95.83000183105469,20.979999542236328,18.020000457763672,62.22999954223633
2020-08-18,7.679999828338623,19.483333587646484,195.64999389648438,22.375,51.400001525878906,98.25,21.09000015258789,19.489999771118164,63.060001373291016
2020-08-19,7.400000095367432,19.663333892822266,197.1999969482422,22.424999237060547,50.84000015258789,97.0,20.829999923706055,20.020000457763672,62.38999938964844
2020-08-20,7.510000228881836,20.0,198.14999389648438,21.837499618530273,49.869998931884766,97.66999816894531,20.59000015258789,20.270000457763672,62.95000076293945
2020-08-21,7.960000038146973,20.566665649414062,201.3000030517578,21.837499618530273,49.810001373291016,97.5999984741211,20.520000457763672,19.68000030517578,62.20000076293945
2020-08-24,7.849999904632568,20.466665267944336,202.02999877929688,21.770000457763672,50.599998474121094,98.5,20.3700008392334,19.56999969482422,62.959999084472656
2020-08-25,8.510000228881836,20.303333282470703,200.32000732421875,22.0,49.619998931884766,98.3499984741211,20.0,19.549999237060547,61.619998931884766
2020-08-26,8.300000190734863,20.066665649414062,206.02000427246094,22.537500381469727,49.13999938964844,96.62999725341797,19.600000381469727,19.540000915527344,61.75
2020-08-27,8.460000038146973,22.0,205.0800018310547,22.9950008392334,49.22999954223633,96.87000274658203,19.700000762939453,19.25,60.790000915527344
2020-08-28,8.65999984741211,21.583332061767578,200.4199981689453,23.645000457763672,50.41999816894531,98.30000305175781,19.920000076293945,19.600000381469727,61.099998474121094
2020-08-31,8.4399995803833,21.579999923706055,201.91000366210938,23.30500030517578,49.34000015258789,95.69999694824219,19.59000015258789,19.09000015258789,59.68000030517578
2020-09-01,8.539999961853027,21.716665267944336,199.75999450683594,23.832500457763672,50.86000061035156,98.3499984741211,19.8799991607666,20.0,61.7599983215332
2020-09-02,8.739999771118164,23.116666793823242,202.16000366210938,23.377500534057617,50.90999984741211,98.1500015258789,20.450000762939453,19.790000915527344,61.31999969482422
2020-09-03,8.550000190734863,21.496665954589844,193.0500030517578,22.125,50.27000045776367,96.95999908447266,19.860000610351562,19.3799991607666,59.31999969482422
2020-09-04,8.430000305175781,20.59666633605957,191.02999877929688,22.1924991607666,49.45000076293945,97.41999816894531,19.979999542236328,19.920000076293945,60.4900016784668
2020-09-08,8.210000038146973,19.3266658782959,189.0,21.922500610351562,48.70000076293945,96.80000305175781,19.850000381469727,19.690000534057617,59.27000045776367
2020-09-09,8.15999984741211,19.16666603088379,190.36000061035156,22.799999237060547,50.720001220703125,97.5,19.8799991607666,20.530000686645508,60.0
2020-09-10,8.050000190734863,18.989999771118164,187.72999572753906,22.0625,49.75,95.04000091552734,20.6200008392334,19.850000381469727,58.529998779296875
2020-09-11,7.75,18.5,188.39999389648438,21.892499923706055,51.619998931884766,94.4800033569336,20.100000381469727,19.90999984741211,61.95000076293945
2020-09-14,8.279999732971191,19.72333335876465,188.67999267578125,22.575000762939453,53.2599983215332,96.51000213623047,20.739999771118164,20.280000686645508,61.90999984741211
2020-09-15,8.140000343322754,19.503332138061523,190.0,22.395000457763672,53.5,96.45999908447266,21.610000610351562,21.450000762939453,62.599998474121094
2020-09-16,8.59000015258789,19.579999923706055,187.52999877929688,22.292499542236328,52.72999954223633,95.91000366210938,21.350000381469727,21.190000534057617,60.970001220703125
2020-09-17,8.270000457763672,19.40333366394043,185.6999969482422,21.774999618530273,52.7400016784668,96.37000274658203,21.360000610351562,21.440000534057617,62.08000183105469
2020-09-18,8.239999771118164,18.350000381469727,188.75999450683594,21.790000915527344,52.04999923706055,94.63999938964844,20.940000534057617,20.959999084472656,61.65999984741211
2020-09-21,7.800000190734863,17.133333206176758,186.5800018310547,22.174999237060547,51.4900016784668,93.4000015258789,20.520000457763672,20.59000015258789,60.0
2020-09-22,7.829999923706055,17.22333335876465,191.8699951171875,22.372499465942383,51.0,93.66999816894531,20.3799991607666,20.719999313354492,57.810001373291016
2020-09-23,7.440000057220459,17.446666717529297,191.33999633789062,21.6200008392334,50.099998474121094,92.16999816894531,19.799999237060547,20.649999618530273,59.099998474121094
2020-09-24,7.369999885559082,17.833332061767578,188.2100067138672,22.325000762939453,50.209999084472656,93.30000305175781,19.81999969482422,20.68000030517578,58.65999984741211
2020-09-25,7.400000095367432,17.75,193.77000427246094,22.657499313354492,50.16999816894531,93.5,19.59000015258789,20.510000228881836,59.25
2020-09-28,7.170000076293945,18.040000915527344,199.69000244140625,21.86750030517578,48.72999954223633,91.19999694824219,18.719999313354492,20.540000915527344,58.779998779296875
2020-09-29,6.880000114440918,17.549999237060547,197.9199981689453,21.8700008392334,49.689998626708984,89.91999816894531,18.209999084472656,20.209999084472656,58.349998474121094
2020-09-30,6.949999809265137,17.93666648864746,199.5800018310547,22.299999237060547,51.130001068115234,91.05000305175781,18.3799991607666,20.799999237060547,59.11000061035156
2020-10-01,7.349999904632568,19.293333053588867,201.3800048828125,22.975000381469727,48.58000183105469,91.91000366210938,18.510000228881836,20.75,58.86000061035156
2020-10-02,7.179999828338623,19.373332977294922,200.7899932861328,22.012500762939453,48.939998626708984,90.11000061035156,18.040000915527344,20.600000381469727,58.31999969482422
2020-10-05,7.25,19.466665267944336,200.00999450683594,22.53499984741211,48.95000076293945,92.63999938964844,18.020000457763672,21.799999237060547,59.59000015258789
2020-10-06,7.239999771118164,20.309999465942383,198.6699981689453,22.325000762939453,47.650001525878906,92.02999877929688,17.90999984741211,21.700000762939453,58.619998931884766
2020-10-07,7.099999904632568,20.40999984741211,202.99000549316406,22.235000610351562,47.310001373291016,91.94999694824219,17.700000762939453,22.399999618530273,60.16999816894531
2020-10-08,7.190000057220459,20.229999542236328,203.86000061035156,22.967500686645508,47.0,94.2699966430664,17.93000030517578,22.25,61.290000915527344
2020-10-09,7.329999923706055,20.420000076293945,203.32000732421875,24.537500381469727,46.97999954223633,93.6500015258789,17.450000762939453,21.799999237060547,61.599998474121094
2020-10-13,7.429999828338623,20.823333740234375,207.00999450683594,26.0,48.86000061035156,94.80000305175781,18.09000015258789,21.979999542236328,62.13999938964844
2020-10-14,7.28000020980835,20.85333251953125,206.6300048828125,25.68000030517578,49.400001525878906,95.58999633789062,18.6299991607666,22.110000610351562,63.0
2020-10-15,7.230000019073486,20.889999389648438,207.2100067138672,25.510000228881836,49.70000076293945,95.33999633789062,18.56999969482422,22.670000076293945,62.470001220703125
2020-10-16,7.300000190734863,20.116666793823242,207.22000122070312,25.799999237060547,48.86000061035156,94.54000091552734,18.729999542236328,22.81999969482422,62.2400016784668
2020-10-19,7.539999961853027,19.913333892822266,203.22999572753906,25.690000534057617,48.25,95.0,18.149999618530273,22.75,61.95000076293945
2020-10-20,7.5,20.100000381469727,204.02999877929688,26.040000915527344,48.83000183105469,96.66999816894531,18.579999923706055,23.0,61.84000015258789
2020-10-21,7.489999771118164,20.41666603088379,203.88999938964844,26.219999313354492,49.369998931884766,96.6500015258789,18.260000228881836,23.059999465942383,62.849998474121094
2020-10-22,7.349999904632568,20.643333435058594,204.5800018310547,26.100000381469727,49.72999954223633,98.05999755859375,18.81999969482422,23.18000030517578,63.099998474121094
2020-10-23,7.429999828338623,20.270000457763672,206.52999877929688,25.920000076293945,49.81999969482422,97.44000244140625,18.420000076293945,23.280000686645508,63.45000076293945
2020-10-26,7.25,19.66666603088379,202.19000244140625,25.469999313354492,49.470001220703125,97.2300033569336,17.940000534057617,23.059999465942383,62.5
2020-10-27,7.079999923706055,19.04666519165039,203.97999572753906,25.450000762939453,49.310001373291016,95.68000030517578,17.43000030517578,23.610000610351562,62.529998779296875
2020-10-28,6.579999923706055,18.503332138061523,199.74000549316406,24.6299991607666,48.45000076293945,91.55999755859375,17.0,22.219999313354492,60.2599983215332
2020-10-29,6.650000095367432,17.860000610351562,202.14999389648438,25.360000610351562,47.79999923706055,92.80000305175781,16.920000076293945,22.5,62.02000045776367
2020-10-30,6.170000076293945,16.69333267211914,198.86000061035156,24.6299991607666,46.099998474121094,90.66000366210938,16.780000686645508,21.809999465942383,60.54999923706055
2020-11-03,6.090000152587891,16.713333129882812,204.9199981689453,24.989999771118164,46.43000030517578,92.26000213623047,17.079999923706055,23.18000030517578,63.34000015258789
2020-11-04,6.349999904632568,17.93666648864746,206.85000610351562,26.190000534057617,47.66999816894531,94.16000366210938,17.239999771118164,22.280000686645508,61.58000183105469
2020-11-05,6.599999904632568,19.233333587646484,205.86000061035156,27.450000762939453,50.279998779296875,96.94999694824219,17.709999084472656,22.350000381469727,62.54999923706055
2020-11-06,6.800000190734863,20.010000228881836,199.91000366210938,27.329999923706055,50.630001068115234,97.19000244140625,17.799999237060547,22.510000228881836,63.189998626708984
2020-11-09,7.119999885559082,20.01333236694336,202.42999267578125,26.450000762939453,49.150001525878906,99.5,18.5,22.0,63.189998626708984
2020-11-10,7.099999904632568,19.31999969482422,203.4199981689453,25.219999313354492,48.45000076293945,101.0,19.600000381469727,20.829999923706055,63.15999984741211
2020-11-11,6.769999980926514,18.456666946411133,204.38999938964844,25.579999923706055,49.439998626708984,100.88999938964844,19.280000686645508,20.93000030517578,63.599998474121094
2020-11-12,6.519999980926514,19.31999969482422,204.8699951171875,25.479999542236328,49.2599983215332,98.69999694824219,19.229999542236328,20.68000030517578,62.66999816894531
2020-11-13,6.739999771118164,21.453332901000977,207.97000122070312,25.100000381469727,51.029998779296875,100.83000183105469,19.790000915527344,20.93000030517578,63.25
2020-11-16,6.900000095367432,21.97333335876465,208.5800018310547,24.850000381469727,51.0,102.51000213623047,19.979999542236328,20.989999771118164,64.91999816894531
2020-11-17,6.909999847412109,21.6200008392334,203.72000122070312,24.729999542236328,50.09000015258789,103.0999984741211,20.68000030517578,21.389999389648438,66.97000122070312
2020-11-18,6.860000133514404,21.566665649414062,202.61000061035156,24.540000915527344,49.209999084472656,101.91999816894531,21.31999969482422,20.969999313354492,66.44999694824219
2020-11-19,6.96999979019165,21.850000381469727,201.5500030517578,24.639999389648438,48.869998931884766,102.7300033569336,20.790000915527344,21.239999771118164,67.72000122070312
2020-11-23,6.829999923706055,22.516666412353516,206.0,23.420000076293945,48.209999084472656,103.27999877929688,22.030000686645508,22.049999237060547,71.29000091552734
2020-11-24,7.079999923706055,22.536666870117188,206.89999389648438,23.700000762939453,48.290000915527344,105.72000122070312,22.3700008392334,22.6200008392334,74.80000305175781
2020-11-25,7.28000020980835,23.123332977294922,204.10000610351562,24.0,50.29999923706055,105.83000183105469,22.299999237060547,22.540000915527344,75.5
2020-11-26,7.119999885559082,23.246665954589844,204.8000030517578,24.25,50.40999984741211,106.0199966430664,21.950000762939453,22.969999313354492,76.56999969482422
2020-11-27,7.019999980926514,23.31333351135254,209.0,24.190000534057617,51.400001525878906,106.44000244140625,21.889999389648438,22.760000228881836,78.44000244140625
2020-11-30,6.710000038146973,24.100000381469727,205.0,23.3799991607666,50.40999984741211,105.0,22.030000686645508,22.600000381469727,78.0
2020-12-01,6.789999961853027,25.40333366394043,201.8699951171875,22.8799991607666,49.099998474121094,107.05000305175781,21.639999389648438,23.799999237060547,81.25
2020-12-02,7.0,24.8266658782959,203.0,23.049999237060547,49.349998474121094,107.75,21.399999618530273,23.440000534057617,79.83999633789062
2020-12-03,7.239999771118164,26.69333267211914,200.00999450683594,23.299999237060547,49.0,108.1500015258789,21.5,22.479999542236328,78.95999908447266
2020-12-04,7.190000057220459,26.44333267211914,200.60000610351562,23.65999984741211,49.150001525878906,109.43000030517578,21.200000762939453,22.940000534057617,81.9800033569336
2020-12-07,7.119999885559082,25.946666717529297,199.4499969482422,23.799999237060547,48.45000076293945,109.30999755859375,21.280000686645508,23.270000457763672,82.94999694824219
2020-12-08,7.309999942779541,25.683332443237305,201.0,24.950000762939453,48.83000183105469,109.44000244140625,23.1299991607666,23.06999969482422,82.9000015258789
2020-12-09,7.090000152587891,26.503332138061523,200.63999938964844,23.979999542236328,48.290000915527344,108.7699966430664,22.68000030517578,22.6299991607666,82.69999694824219
2020-12-10,7.079999923706055,26.863332748413086,194.77000427246094,23.399999618530273,47.90999984741211,110.69999694824219,22.110000610351562,23.0,85.0
2020-12-11,7.050000190734863,27.986665725708008,196.0800018310547,22.989999771118164,48.06999969482422,110.79000091552734,22.030000686645508,22.959999084472656,84.86000061035156
2020-12-14,6.940000057220459,29.03333282470703,197.16000366210938,24.049999237060547,48.650001525878906,110.19999694824219,21.81999969482422,22.809999465942383,83.55000305175781
2020-12-15,7.239999771118164,30.766666412353516,198.72000122070312,24.610000610351562,49.0,111.76000213623047,21.799999237060547,23.799999237060547,84.5
2020-12-16,7.230000019073486,30.503332138061523,199.02000427246094,24.959999084472656,50.900001525878906,113.3499984741211,22.139999389648438,23.780000686645508,86.22000122070312
2020-12-17,7.079999923706055,32.266666412353516,199.5,24.540000915527344,51.13999938964844,113.98999786376953,21.84000015258789,24.399999618530273,87.19999694824219
2020-12-18,7.079999923706055,32.38666534423828,199.2899932861328,24.520000457763672,51.18000030517578,113.5,22.06999969482422,24.829999923706055,87.80000305175781
2020-12-21,6.920000076293945,32.643333435058594,200.14999389648438,25.0,49.7400016784668,111.43000030517578,21.809999465942383,24.389999389648438,86.86000061035156
2020-12-22,6.599999904632568,33.55666732788086,200.39999389648438,25.15999984741211,50.04999923706055,112.25,22.219999313354492,24.059999465942383,86.94000244140625
2020-12-23,6.619999885559082,33.746665954589844,203.0,24.969999313354492,51.689998626708984,113.13999938964844,22.389999389648438,24.239999771118164,87.36000061035156
2020-12-28,6.519999980926514,33.97666549682617,207.1999969482422,25.25,52.0,114.69999694824219,22.450000762939453,24.229999542236328,87.30999755859375
2020-12-29,6.820000171661377,34.02666473388672,205.25,25.280000686645508,51.939998626708984,114.97000122070312,22.5,24.5,87.06999969482422
2020-12-30,6.809999942779541,32.78333282470703,205.02000427246094,24.950000762939453,52.5,114.6500015258789,22.040000915527344,24.450000762939453,87.44999694824219
2021-01-04,6.590000152587891,32.43333435058594,206.4199981689453,25.200000762939453,51.9900016784668,114.08999633789062,21.479999542236328,26.040000915527344,91.45999908447266
2021-01-05,6.570000171661377,31.54666519165039,207.97999572753906,24.760000228881836,51.689998626708984,114.69000244140625,21.309999465942383,26.670000076293945,93.0
2021-01-06,6.199999809265137,31.420000076293945,210.27999877929688,23.459999084472656,49.099998474121094,115.55000305175781,21.25,27.950000762939453,96.05000305175781
2021-01-07,6.110000133514404,32.810001373291016,217.32000732421875,23.15999984741211,48.47999954223633,118.37000274658203,21.93000030517578,29.540000915527344,102.31999969482422
2021-01-08,6.260000228881836,39.166664123535156,219.4199981689453,23.84000015258789,50.720001220703125,120.4000015258789,21.979999542236328,29.100000381469727,102.0
2021-01-11,6.099999904632568,40.96333312988281,221.3800048828125,23.489999771118164,49.099998474121094,118.62000274658203,21.530000686645508,28.299999237060547,101.9800033569336
2021-01-13,5.989999771118164,41.83000183105469,213.75,24.020000457763672,51.20000076293945,117.36000061035156,21.239999771118164,26.610000610351562,96.22000122070312
2021-01-14,6.199999809265137,42.87666702270508,209.0800018310547,23.729999542236328,50.349998474121094,118.68000030517578,21.100000381469727,27.719999313354492,97.80000305175781
2021-01-15,6.090000152587891,41.900001525878906,211.33999633789062,23.959999084472656,49.38999938964844,115.77999877929688,20.760000228881836,26.079999923706055,93.55000305175781
2021-01-18,6.150000095367432,44.59666442871094,220.0,24.450000762939453,51.939998626708984,116.54000091552734,20.389999389648438,26.450000762939453,94.30999755859375
2021-01-19,6.139999866485596,44.83333206176758,215.3800048828125,24.079999923706055,51.18000030517578,116.0,20.40999984741211,25.670000076293945,94.05999755859375
2021-01-20,6.380000114440918,45.87666702270508,216.3800048828125,25.420000076293945,50.02000045776367,115.23999786376953,20.40999984741211,25.139999389648438,92.31999969482422
2021-01-21,6.090000152587891,45.189998626708984,218.6199951171875,25.489999771118164,49.15999984741211,113.80999755859375,20.049999237060547,25.020000457763672,93.36000061035156
2021-01-22,6.059999942779541,44.96666717529297,222.32000732421875,25.989999771118164,49.33000183105469,113.18000030517578,20.690000534057617,25.360000610351562,93.16999816894531
2021-01-26,6.110000133514404,46.52000045776367,218.5500030517578,25.75,50.099998474121094,112.08000183105469,20.40999984741211,24.049999237060547,91.75
2021-01-27,6.050000190734863,43.86666488647461,214.27999877929688,25.790000915527344,49.29999923706055,111.58999633789062,21.020000457763672,23.649999618530273,89.19999694824219
2021-01-28,6.489999771118164,43.34666442871094,218.2899932861328,26.190000534057617,50.29999923706055,114.51000213623047,21.649999618530273,24.290000915527344,91.0999984741211
2021-01-29,6.260000228881836,43.959999084472656,214.97999572753906,25.270000457763672,49.060001373291016,110.55999755859375,21.219999313354492,23.25,87.94999694824219
2021-02-01,6.260000228881836,43.176666259765625,217.0399932861328,24.93000030517578,48.459999084472656,113.05999755859375,21.049999237060547,23.239999771118164,91.2699966430664
2021-02-02,6.28000020980835,46.37333297729492,217.27999877929688,25.299999237060547,49.2599983215332,113.8499984741211,21.899999618530273,22.969999313354492,87.66000366210938
2021-02-03,6.329999923706055,51.849998474121094,217.97999572753906,25.649999618530273,50.0,115.25,22.56999969482422,23.530000686645508,90.43000030517578
2021-02-04,6.25,52.52333450317383,222.99000549316406,25.309999465942383,50.40999984741211,114.62000274658203,22.389999389648438,23.190000534057617,89.29000091552734
2021-02-05,6.159999847412109,51.06999969482422,221.64999389648438,25.850000381469727,50.970001220703125,115.81999969482422,22.40999984741211,24.200000762939453,92.69000244140625
2021-02-08,6.130000114440918,53.03333282470703,222.32000732421875,26.15999984741211,50.72999954223633,115.18000030517578,23.100000381469727,24.0,94.01000213623047
2021-02-09,6.059999942779541,51.84000015258789,223.3800048828125,26.239999771118164,51.09000015258789,114.91000366210938,23.34000015258789,24.149999618530273,94.25
2021-02-10,5.880000114440918,48.666664123535156,223.17999267578125,25.299999237060547,50.720001220703125,113.91999816894531,23.06999969482422,23.56999969482422,94.69999694824219
2021-02-11,5.809999942779541,48.67333221435547,223.22999572753906,25.649999618530273,53.7599983215332,114.9000015258789,22.979999542236328,24.110000610351562,93.0999984741211
2021-02-18,5.659999847412109,50.81999969482422,225.5,25.040000915527344,51.75,114.61000061035156,22.600000381469727,24.389999389648438,97.4000015258789
2021-02-19,5.619999885559082,52.233333587646484,222.6699981689453,24.940000534057617,52.54999923706055,113.81999969482422,22.459999084472656,24.899999618530273,97.7699966430664
2021-02-22,5.449999809265137,53.060001373291016,224.10000610351562,24.25,51.22999954223633,108.25,21.5,24.780000686645508,95.3499984741211
2021-02-23,5.5,53.09000015258789,223.67999267578125,24.860000610351562,49.380001068115234,110.76000213623047,23.09000015258789,25.729999542236328,96.94999694824219
2021-02-24,5.519999980926514,52.74333190917969,225.69000244140625,24.639999389648438,49.540000915527344,111.45999908447266,23.809999465942383,27.139999389648438,97.93000030517578
2021-02-25,5.320000171661377,51.313331604003906,224.33999633789062,24.049999237060547,47.86000061035156,108.08999633789062,23.299999237060547,26.030000686645508,95.70999908447266
2021-02-26,5.070000171661377,52.630001068115234,225.7899932861328,24.18000030517578,46.16999816894531,105.58999633789062,21.639999389648438,25.8700008392334,94.5199966430664
2021-03-01,5.079999923706055,55.86333465576172,233.4600067138672,24.549999237060547,46.349998474121094,105.94000244140625,21.700000762939453,26.670000076293945,98.56999969482422
2021-03-02,5.099999904632568,54.85333251953125,233.02000427246094,24.270000457763672,47.0,107.5,21.59000015258789,27.030000686645508,101.5999984741211
2021-03-03,5.159999847412109,54.05666732788086,227.25999450683594,25.1200008392334,47.34000015258789,107.16000366210938,21.709999084472656,26.940000534057617,100.3499984741211
2021-03-04,5.139999866485596,52.666664123535156,226.77999877929688,25.440000534057617,47.41999816894531,108.56999969482422,22.729999542236328,26.90999984741211,98.86000061035156
2021-03-05,5.53000020980835,50.400001525878906,231.0,25.1299991607666,50.5099983215332,110.93000030517578,23.56999969482422,27.6200008392334,100.20999908447266
2021-03-08,5.150000095367432,45.2066650390625,237.27999877929688,23.100000381469727,48.18000030517578,105.3499984741211,23.260000228881836,26.959999084472656,99.66999816894531
2021-03-09,5.059999942779541,46.60333251953125,239.0,23.389999389648438,48.220001220703125,107.19000244140625,24.649999618530273,27.329999923706055,98.66999816894531
2021-03-10,5.269999980926514,46.666664123535156,234.0,24.899999618530273,47.970001220703125,108.62999725341797,24.15999984741211,26.969999313354492,97.1500015258789
2021-03-11,5.75,47.02000045776367,231.8800048828125,24.799999237060547,49.380001068115234,110.44999694824219,24.899999618530273,27.989999771118164,99.69999694824219
2021-03-15,5.679999828338623,51.27333450317383,237.7899932861328,23.719999313354492,50.20000076293945,110.51969909667969,24.719999313354492,28.489999771118164,96.81999969482422
2021-03-16,5.480000019073486,50.77333450317383,236.1999969482422,24.149999618530273,49.790000915527344,109.71434020996094,24.450000762939453,28.780000686645508,96.51000213623047
2021-03-17,5.619999885559082,51.0,235.9199981689453,23.940000534057617,50.95000076293945,112.1492919921875,24.8700008392334,29.1200008392334,97.9000015258789
2021-03-18,5.400000095367432,48.973331451416016,231.27000427246094,22.280000686645508,49.20000076293945,110.49861145019531,24.770000457763672,28.610000610351562,96.16000366210938
2021-03-19,5.489999771118164,51.540000915527344,227.5,22.290000915527344,51.529998779296875,111.83014678955078,25.6200008392334,28.639999389648438,94.77999877929688
2021-03-22,5.46999979019165,51.5,231.00999450683594,21.90999984741211,50.88999938964844,110.63616180419922,25.420000076293945,27.770000457763672,93.20999908447266
2021-03-23,5.480000019073486,55.79999923706055,229.3699951171875,21.510000228881836,50.31999969482422,108.98515319824219,24.360000610351562,26.559999465942383,91.05999755859375
2021-03-24,5.21999979019165,53.92333221435547,232.7899932861328,20.3700008392334,48.06999969482422,107.83213806152344,24.030000686645508,26.770000457763672,93.1500015258789
2021-03-25,5.449999809265137,51.560001373291016,235.19000244140625,20.299999237060547,49.369998931884766,109.45245361328125,24.280000686645508,27.170000076293945,92.44000244140625
2021-03-26,5.300000190734863,51.0,241.6199951171875,19.979999542236328,48.7599983215332,110.44692993164062,24.389999389648438,28.600000381469727,95.52999877929688
2021-03-29,5.179999828338623,50.6966667175293,242.02999877929688,19.649999618530273,48.41999816894531,111.060302734375,24.81999969482422,29.0,97.9800033569336
2021-03-30,5.480000019073486,51.19333267211914,241.7899932861328,20.059999465942383,48.75,112.4375228881836,25.3799991607666,29.459999084472656,97.06999969482422
2021-03-31,5.400000095367432,52.23666763305664,237.00999450683594,20.239999771118164,48.13999938964844,112.22679901123047,25.219999313354492,30.219999313354492,97.97000122070312
2021-04-01,5.360000133514404,54.05666732788086,243.8699951171875,20.440000534057617,47.29999923706055,110.9017105102539,24.549999237060547,29.3799991607666,97.38999938964844
2021-04-05,5.440000057220459,53.45333480834961,245.83999633789062,20.420000076293945,48.06999969482422,113.0841064453125,24.729999542236328,29.440000534057617,103.38999938964844
2021-04-06,5.539999961853027,56.0533332824707,241.88999938964844,20.600000381469727,49.18000030517578,113.06353759765625,24.450000762939453,30.139999389648438,102.05000305175781
2021-04-07,5.420000076293945,58.56999969482422,243.7899932861328,20.18000030517578,48.650001525878906,113.18211364746094,24.270000457763672,30.709999084472656,104.55999755859375
2021-04-08,5.400000095367432,57.6533317565918,242.4600067138672,21.850000381469727,50.40999984741211,113.75,24.389999389648438,30.809999465942383,104.5
2021-04-09,5.400000095367432,58.28333282470703,248.9600067138672,21.670000076293945,51.02000045776367,113.01000213623047,24.0,31.1200008392334,103.0
2021-04-13,5.349999904632568,61.666664123535156,249.97999572753906,22.200000762939453,51.90999984741211,114.66999816894531,24.579999923706055,31.940000534057617,103.58000183105469
2021-04-14,5.320000171661377,62.766666412353516,248.4600067138672,22.1200008392334,52.08000183105469,115.5999984741211,24.270000457763672,32.38999938964844,107.0
2021-04-15,5.429999828338623,62.496665954589844,249.5399932861328,22.200000762939453,52.84000015258789,116.19999694824219,24.299999237060547,32.619998931884766,108.20999908447266
2021-04-16,6.230000019073486,64.03333282470703,248.2899932861328,21.920000076293945,50.15999984741211,116.45999908447266,23.59000015258789,32.529998779296875,108.66999816894531
2021-04-19,6.050000190734863,62.666664123535156,245.33999633789062,21.649999618530273,50.0099983215332,116.33999633789062,23.8700008392334,32.5099983215332,107.7300033569336
2021-04-20,6.039999961853027,62.02666473388672,243.8800048828125,21.600000381469727,49.22999954223633,115.4800033569336,23.809999465942383,32.27000045776367,106.16000366210938
2021-04-22,5.75,63.150001525878906,239.08999633789062,21.149999618530273,47.599998474121094,114.94999694824219,23.25,33.29999923706055,106.2300033569336
2021-04-23,5.78000020980835,67.03333282470703,244.0800018310547,21.729999542236328,48.0,115.97000122070312,23.719999313354492,33.52000045776367,107.98999786376953
2021-04-26,6.039999961853027,67.1500015258789,242.08999633789062,21.709999084472656,47.70000076293945,115.94999694824219,23.360000610351562,34.29999923706055,108.56999969482422
2021-04-27,5.650000095367432,72.83333587646484,242.52000427246094,20.950000762939453,47.41999816894531,114.77999877929688,21.979999542236328,34.43000030517578,110.12000274658203
2021-04-28,5.570000171661377,74.24333190917969,238.0500030517578,20.649999618530273,47.400001525878906,116.4000015258789,21.450000762939453,34.66999816894531,111.91999816894531
2021-04-29,5.460000038146973,76.56666564941406,238.77000427246094,20.260000228881836,47.369998931884766,115.31999969482422,21.239999771118164,34.38999938964844,111.94999694824219
2021-04-30,5.360000133514404,78.33000183105469,241.7100067138672,20.030000686645508,48.7400016784668,114.4000015258789,20.790000915527344,33.220001220703125,109.0199966430664
2021-05-03,5.369999885559082,77.27999877929688,241.88999938964844,20.18000030517578,49.650001525878906,114.68000030517578,20.56999969482422,32.5,108.45999908447266
2021-05-04,5.340000152587891,71.33333587646484,240.38999938964844,19.75,48.459999084472656,113.2699966430664,20.489999771118164,32.650001525878906,110.0999984741211
2021-05-05,5.699999809265137,73.33333587646484,237.63999938964844,19.899999618530273,48.630001068115234,115.1500015258789,20.889999389648438,34.45000076293945,110.70999908447266
2021-05-06,5.679999828338623,69.74666595458984,235.49000549316406,19.459999084472656,47.70000076293945,115.43000030517578,21.020000457763672,36.02000045776367,115.05000305175781
2021-05-07,6.059999942779541,69.99333190917969,235.0800018310547,19.889999389648438,50.099998474121094,117.45999908447266,21.110000610351562,36.369998931884766,115.44999694824219
2021-05-10,5.960000038146973,66.47666931152344,232.94000244140625,19.200000762939453,49.060001373291016,117.13999938964844,21.530000686645508,36.380001068115234,114.69000244140625
2021-05-11,6.179999828338623,67.80332946777344,230.55999755859375,19.31999969482422,49.2400016784668,118.12999725341797,21.3799991607666,37.650001525878906,118.72000122070312
2021-05-13,5.869999885559082,60.83333206176758,231.86000061035156,19.1299991607666,49.22999954223633,116.04000091552734,20.459999084472656,35.630001068115234,112.48999786376953
2021-05-14,6.230000019073486,60.400001525878906,233.92999267578125,19.149999618530273,49.34000015258789,117.23999786376953,20.90999984741211,34.61000061035156,110.55999755859375
2021-05-17,6.619999885559082,60.01333236694336,233.0399932861328,18.860000610351562,49.959999084472656,118.30999755859375,20.850000381469727,35.400001525878906,113.45999908447266
2021-05-18,6.429999828338623,60.38666534423828,230.74000549316406,18.969999313354492,49.79999923706055,118.19000244140625,21.059999465942383,35.86000061035156,114.5999984741211
2021-05-19,6.550000190734863,59.57666778564453,232.72000122070312,18.68000030517578,50.650001525878906,118.01000213623047,22.020000457763672,35.470001220703125,112.25
2021-05-20,6.659999847412109,61.33333206176758,232.47000122070312,18.739999771118164,50.81999969482422,117.91000366210938,23.15999984741211,34.29999923706055,111.11000061035156
2021-05-21,6.590000152587891,59.62333297729492,236.13999938964844,18.530000686645508,50.369998931884766,118.01000213623047,26.93000030517578,33.869998931884766,109.4000015258789
2021-05-24,6.349999904632568,74.43000030517578,237.4199981689453,20.0,50.869998931884766,119.26000213623047,26.209999084472656,32.88999938964844,109.77999877929688
2021-05-25,6.360000133514404,69.23999786376953,237.8699951171875,20.020000457763672,51.25,118.4000015258789,25.860000610351562,32.20000076293945,107.05000305175781
2021-05-26,6.590000152587891,67.4000015258789,236.9600067138672,19.670000076293945,51.25,119.23999786376953,25.559999465942383,32.54999923706055,110.19999694824219
2021-05-27,7.070000171661377,66.30999755859375,234.57000732421875,19.59000015258789,51.529998779296875,119.58999633789062,25.889999389648438,33.09000015258789,110.98999786376953
2021-05-28,7.369999885559082,66.80000305175781,233.4499969482422,20.25,51.040000915527344,120.72000122070312,25.75,32.650001525878906,111.58999633789062
2021-05-31,7.71999979019165,68.33000183105469,232.0399932861328,20.15999984741211,51.54999923706055,121.25,25.760000228881836,32.91999816894531,114.77999877929688
2021-06-01,7.739999771118164,65.87000274658203,229.92999267578125,20.350000381469727,53.58000183105469,123.33000183105469,28.219999313354492,34.119998931884766,113.19999694824219
2021-06-02,8.479999542236328,65.83999633789062,227.49000549316406,20.5,53.439998626708984,124.66999816894531,29.3799991607666,33.38999938964844,114.80000305175781
2021-06-04,8.229999542236328,65.98999786376953,226.8000030517578,20.850000381469727,54.43000030517578,125.05000305175781,28.649999618530273,32.459999084472656,112.9000015258789
2021-06-07,8.350000381469727,63.959999084472656,226.5,20.799999237060547,56.86000061035156,125.75,28.510000228881836,31.889999389648438,111.80000305175781
2021-06-08,9.079999923706055,63.45000076293945,226.74000549316406,21.049999237060547,55.70000076293945,124.70999908447266,27.809999465942383,31.34000015258789,109.91999816894531
2021-06-09,8.949999809265137,64.9800033569336,227.74000549316406,20.270000457763672,56.540000915527344,124.87999725341797,27.459999084472656,32.06999969482422,112.19999694824219
2021-06-10,8.649999618530273,66.5,228.44000244140625,20.280000686645508,56.63999938964844,125.0,27.950000762939453,32.13999938964844,111.83000183105469
2021-06-11,8.65999984741211,64.37999725341797,231.5399932861328,20.3799991607666,55.900001525878906,124.4800033569336,29.049999237060547,33.0,114.33999633789062
2021-06-14,9.350000381469727,64.0999984741211,229.67999267578125,20.59000015258789,58.08000183105469,125.1500015258789,29.260000228881836,32.099998474121094,113.72000122070312
2021-06-15,9.0,62.349998474121094,227.97000122070312,20.889999389648438,58.75,125.18000030517578,30.06999969482422,31.760000228881836,111.5
2021-06-16,9.149999618530273,66.5,227.25999450683594,20.309999465942383,56.970001220703125,124.22000122070312,29.350000381469727,30.139999389648438,108.1500015258789
2021-06-17,8.869999885559082,69.29000091552734,225.6300048828125,21.309999465942383,57.38999938964844,123.08999633789062,28.920000076293945,29.0,105.9000015258789
2021-06-18,9.130000114440918,68.30000305175781,224.92999267578125,21.06999969482422,57.79999923706055,123.2699966430664,28.950000762939453,29.079999923706055,109.08999633789062
2021-06-21,9.800000190734863,69.0199966430664,225.86000061035156,21.270000457763672,57.310001373291016,124.2300033569336,28.829999923706055,29.8700008392334,110.11000061035156
2021-06-22,10.010000228881836,70.25,224.4199981689453,20.969999313354492,56.91999816894531,123.81999969482422,28.799999237060547,29.799999237060547,111.4000015258789
2021-06-23,9.25,71.66999816894531,223.94000244140625,20.579999923706055,56.5,123.54000091552734,28.56999969482422,29.790000915527344,113.06999969482422
2021-06-24,9.199999809265137,69.19999694824219,222.00999450683594,21.649999618530273,57.27000045776367,124.52999877929688,28.649999618530273,30.770000457763672,111.02999877929688
2021-06-25,9.420000076293945,70.0,224.47999572753906,21.389999389648438,56.310001373291016,122.5,28.479999542236328,30.84000015258789,112.4000015258789
2021-06-28,9.4399995803833,70.9000015258789,224.85000610351562,21.530000686645508,57.060001373291016,122.44999694824219,28.170000076293945,30.56999969482422,110.5999984741211
2021-06-29,9.25,73.83000183105469,224.80999755859375,21.670000076293945,56.38999938964844,122.30999755859375,27.34000015258789,30.260000228881836,112.51000213623047
2021-06-30,9.260000228881836,78.0999984741211,226.8000030517578,21.149999618530273,56.7400016784668,121.80999755859375,27.329999923706055,29.610000610351562,113.25
2021-07-01,8.699999809265137,77.41999816894531,232.0,20.690000534057617,57.220001220703125,120.7300033569336,27.040000915527344,28.950000762939453,111.27999877929688
2021-07-02,8.600000381469727,78.73999786376953,233.41000366210938,21.639999389648438,59.52000045776367,122.77999877929688,26.860000610351562,29.760000228881836,113.58000183105469
2021-07-05,8.680000305175781,78.13999938964844,235.97999572753906,21.3799991607666,59.959999084472656,121.97000122070312,26.649999618530273,29.68000030517578,113.16999816894531
2021-07-06,8.579999923706055,77.4800033569336,240.5500030517578,21.06999969482422,59.650001525878906,120.30000305175781,26.420000076293945,29.559999465942383,113.7699966430664
2021-07-07,8.539999961853027,77.2699966430664,242.99000549316406,22.010000228881836,60.349998474121094,122.27999877929688,26.3700008392334,30.0,114.0999984741211
2021-07-08,8.399999618530273,75.97000122070312,241.5399932861328,21.920000076293945,60.099998474121094,120.66000366210938,26.299999237060547,29.100000381469727,113.66000366210938
2021-07-13,8.970000267028809,77.1500015258789,240.3699951171875,22.489999771118164,60.79999923706055,123.31999969482422,26.459999084472656,30.530000686645508,115.75
2021-07-14,8.760000228881836,81.68000030517578,236.25,22.93000030517578,59.91999816894531,123.47000122070312,26.229999542236328,30.1299991607666,115.12000274658203
2021-07-15,8.5,82.33999633789062,236.52999877929688,23.719999313354492,59.45000076293945,122.80000305175781,26.049999237060547,29.93000030517578,115.4800033569336
2021-07-16,8.390000343322754,82.22000122070312,234.55999755859375,23.899999618530273,59.95000076293945,121.1500015258789,25.81999969482422,29.459999084472656,113.4000015258789
2021-07-19,8.229999542236328,81.9800033569336,237.5800018310547,23.1200008392334,59.54999923706055,119.73999786376953,25.770000457763672,29.510000228881836,112.16000366210938
2021-07-20,8.40999984741211,82.83000183105469,240.0,23.3700008392334,59.58000183105469,120.5999984741211,26.209999084472656,29.6299991607666,113.0999984741211
2021-07-21,8.34000015258789,85.27999877929688,239.69000244140625,23.360000610351562,60.34000015258789,121.12000274658203,26.1299991607666,30.299999237060547,114.4000015258789
2021-07-22,8.520000457763672,82.79000091552734,241.33999633789062,23.25,60.619998931884766,121.43000030517578,26.229999542236328,30.559999465942383,114.69999694824219
2021-07-23,8.229999542236328,81.30000305175781,243.75,22.600000381469727,60.290000915527344,120.19999694824219,25.6299991607666,30.739999771118164,114.12000274658203
2021-07-26,8.329999923706055,79.80000305175781,242.77999877929688,22.040000915527344,60.130001068115234,121.19999694824219,25.979999542236328,31.799999237060547,116.5999984741211
2021-07-27,8.1899995803833,76.77999877929688,241.7899932861328,21.450000762939453,58.75,119.76000213623047,25.6200008392334,30.65999984741211,114.18000030517578
2021-07-28,8.210000038146973,76.70999908447266,238.44000244140625,21.530000686645508,55.0,121.44999694824219,26.440000534057617,30.729999542236328,117.30000305175781
2021-07-29,8.039999961853027,75.5,238.38999938964844,21.719999313354492,55.25,120.7300033569336,26.06999969482422,31.399999618530273,115.56999969482422
2021-07-30,7.730000019073486,70.80999755859375,243.22000122070312,20.600000381469727,53.75,117.11000061035156,25.6200008392334,30.799999237060547,108.76000213623047
2021-08-02,7.789999961853027,72.0,242.22999572753906,20.6299991607666,53.59000015258789,117.5999984741211,25.469999313354492,30.729999542236328,108.93000030517578
2021-08-03,7.769999980926514,72.12999725341797,244.22000122070312,20.43000030517578,54.470001220703125,118.7300033569336,25.299999237060547,31.549999237060547,112.63999938964844
2021-08-04,7.510000228881836,70.0999984741211,242.77999877929688,19.959999084472656,55.150001525878906,116.95999908447266,24.790000915527344,31.610000610351562,112.5199966430664
2021-08-05,7.360000133514404,70.55000305175781,245.0,20.459999084472656,54.540000915527344,116.93000030517578,24.549999237060547,30.739999771118164,109.08000183105469
2021-08-06,7.860000133514404,72.1500015258789,247.0,20.68000030517578,54.599998474121094,118.23999786376953,24.399999618530273,31.360000610351562,109.69999694824219
2021-08-09,8.050000190734863,73.19999694824219,247.0,20.489999771118164,54.22999954223633,118.13999938964844,24.719999313354492,30.959999084472656,109.01000213623047
2021-08-10,7.860000133514404,74.41999816894531,245.0,20.399999618530273,53.58000183105469,117.56999969482422,24.399999618530273,31.739999771118164,110.05999755859375
2021-08-11,7.659999847412109,71.80000305175781,247.0,20.90999984741211,52.939998626708984,117.26000213623047,24.350000381469727,32.08000183105469,109.2699966430664
2021-08-13,7.340000152587891,65.77999877929688,249.42999267578125,20.270000457763672,54.5099983215332,116.55999755859375,23.770000457763672,31.31999969482422,108.30000305175781
2021-08-16,6.940000057220459,64.30000305175781,251.3699951171875,19.420000076293945,53.560001373291016,114.62999725341797,23.139999389648438,30.34000015258789,108.80000305175781
2021-08-17,6.559999942779541,61.9900016784668,248.69000244140625,19.309999465942383,52.599998474121094,113.3499984741211,23.110000610351562,28.950000762939453,107.0
2021-08-18,6.820000171661377,62.77000045776367,251.0,18.84000015258789,52.33000183105469,112.05999755859375,22.959999084472656,28.700000762939453,103.41000366210938
2021-08-19,6.980000019073486,64.58000183105469,254.44000244140625,18.950000762939453,53.52000045776367,112.8499984741211,23.59000015258789,27.739999771118164,97.51000213623047
2021-08-20,7.210000038146973,66.91999816894531,254.88999938964844,18.860000610351562,52.90999984741211,113.6500015258789,23.75,27.649999618530273,97.55000305175781
2021-08-23,6.840000152587891,67.5999984741211,256.69000244140625,18.1299991607666,52.11000061035156,113.05000305175781,23.850000381469727,27.850000381469727,96.19999694824219
2021-08-24,7.269999980926514,67.16000366210938,251.1199951171875,19.239999771118164,53.41999816894531,115.62999725341797,23.950000762939453,28.889999389648438,99.70999908447266
2021-08-25,7.309999942779541,64.19000244140625,248.72999572753906,19.549999237060547,54.06999969482422,116.13999938964844,23.799999237060547,29.049999237060547,99.5
2021-08-26,6.789999961853027,67.18000030517578,249.22000122070312,18.799999237060547,52.650001525878906,114.06999969482422,23.579999923706055,28.440000534057617,98.2300033569336
2021-08-27,6.739999771118164,71.86000061035156,248.25999450683594,19.030000686645508,52.79999923706055,116.18000030517578,23.850000381469727,28.950000762939453,100.69000244140625
2021-08-30,6.590000152587891,70.26000213623047,249.8800048828125,18.8799991607666,52.45000076293945,115.08000183105469,23.579999923706055,28.690000534057617,100.05000305175781
2021-08-31,6.650000095367432,67.45999908447266,247.77000427246094,18.239999771118164,51.619998931884766,114.08000183105469,23.420000076293945,28.31999969482422,98.68000030517578
2021-09-01,6.369999885559082,66.51000213623047,249.22000122070312,18.68000030517578,52.619998931884766,114.80000305175781,24.020000457763672,28.149999618530273,98.8499984741211
2021-09-02,6.150000095367432,66.33000183105469,249.86000061035156,18.010000228881836,50.34000015258789,112.1500015258789,23.639999389648438,27.389999389648438,98.54000091552734
2021-09-03,6.190000057220459,64.20999908447266,249.74000549316406,18.899999618530273,50.720001220703125,112.08999633789062,23.770000457763672,27.3799991607666,98.61000061035156
2021-09-06,6.21999979019165,63.0099983215332,250.74000549316406,19.479999542236328,51.15999984741211,113.4800033569336,23.979999542236328,27.690000534057617,97.05999755859375
2021-09-08,5.800000190734863,59.790000915527344,255.5,18.790000915527344,49.97999954223633,109.08000183105469,23.3799991607666,27.049999237060547,95.04000091552734
2021-09-09,5.889999866485596,62.630001068115234,249.5,18.850000381469727,50.630001068115234,111.51000213623047,23.43000030517578,27.40999984741211,94.69999694824219
2021-09-10,5.78000020980835,61.4900016784668,249.75,17.18000030517578,50.400001525878906,109.87999725341797,24.139999389648438,27.299999237060547,94.80999755859375
2021-09-13,6.199999809265137,65.38999938964844,247.58999633789062,17.440000534057617,50.47999954223633,112.12000274658203,24.600000381469727,27.510000228881836,94.76000213623047
2021-09-14,6.130000114440918,67.45999908447266,248.02000427246094,17.030000686645508,49.95000076293945,111.69999694824219,23.889999389648438,27.549999237060547,94.08999633789062
2021-09-15,5.989999771118164,65.2699966430664,249.22999572753906,16.6200008392334,48.25,110.68000030517578,23.8799991607666,27.329999923706055,91.73999786376953
2021-09-16,5.789999961853027,64.54000091552734,250.19000244140625,16.3700008392334,47.560001373291016,109.44000244140625,23.639999389648438,26.399999618530273,87.93000030517578
2021-09-17,5.75,60.70000076293945,248.6699981689453,16.56999969482422,48.099998474121094,107.13999938964844,23.139999389648438,24.600000381469727,86.1500015258789
2021-09-20,5.300000190734863,56.97999954223633,246.83999633789062,16.049999237060547,47.380001068115234,104.7699966430664,22.81999969482422,24.3700008392334,82.75
2021-09-21,5.590000152587891,58.04999923706055,244.17999267578125,16.389999389648438,48.15999984741211,105.7699966430664,23.010000228881836,24.149999618530273,84.12000274658203
2021-09-22,5.550000190734863,59.25,248.17999267578125,16.34000015258789,47.7599983215332,107.98999786376953,23.040000915527344,25.559999465942383,87.11000061035156
2021-09-23,5.730000019073486,60.5,250.97000122070312,15.869999885559082,48.29999923706055,109.5999984741211,23.920000076293945,27.0,78.91000366210938
2021-09-24,5.769999980926514,61.08000183105469,253.49000549316406,15.630000114440918,46.88999938964844,109.02999877929688,24.559999465942383,26.6200008392334,77.69000244140625
2021-09-27,5.559999942779541,58.709999084472656,254.0500030517578,15.010000228881836,46.630001068115234,108.88999938964844,26.280000686645508,26.719999313354492,78.80000305175781
2021-09-28,5.260000228881836,51.68000030517578,251.0,14.180000305175781,45.2599983215332,105.83000183105469,26.540000915527344,25.600000381469727,74.8499984741211
2021-09-29,5.28000020980835,50.0,250.11000061035156,13.9399995803833,45.2400016784668,106.83000183105469,27.049999237060547,26.06999969482422,75.80000305175781
2021-09-30,5.210000038146973,46.650001525878906,249.10000610351562,14.34000015258789,45.56999969482422,106.48999786376953,27.09000015258789,27.100000381469727,76.23999786376953
2021-10-01,5.670000076293945,51.15999984741211,247.75999450683594,14.550000190734863,45.81999969482422,108.48999786376953,27.200000762939453,27.700000762939453,76.19999694824219
2021-10-04,5.389999866485596,44.150001525878906,248.19000244140625,13.710000038146973,45.0,106.18000030517578,26.8700008392334,27.139999389648438,75.48999786376953
2021-10-05,5.25,43.150001525878906,252.3000030517578,13.680000305175781,43.349998474121094,106.12000274658203,27.1200008392334,27.0,74.94999694824219
2021-10-06,5.260000228881836,41.84000015258789,253.83999633789062,14.460000038146973,44.189998626708984,106.37000274658203,26.780000686645508,26.459999084472656,77.05999755859375
2021-10-07,5.179999828338623,46.470001220703125,257.1300048828125,14.029999732971191,44.11000061035156,106.41999816894531,26.3799991607666,26.889999389648438,79.36000061035156
2021-10-08,5.400000095367432,50.0099983215332,257.17999267578125,14.970000267028809,44.90999984741211,108.38999938964844,26.329999923706055,27.18000030517578,79.8499984741211
2021-10-11,5.360000133514404,44.880001068115234,255.6300048828125,14.380000114440918,43.599998474121094,107.75,26.549999237060547,27.170000076293945,81.62000274658203
2021-10-13,5.449999809265137,48.400001525878906,255.08999633789062,14.5,45.08000183105469,109.23999786376953,26.43000030517578,27.6299991607666,79.19999694824219
2021-10-14,5.260000228881836,50.900001525878906,259.7099914550781,14.170000076293945,44.599998474121094,108.97000122070312,25.690000534057617,28.15999984741211,79.19999694824219
2021-10-15,5.420000076293945,50.5,258.7099914550781,14.5600004196167,44.13999938964844,110.22000122070312,25.790000915527344,28.170000076293945,80.68000030517578
2021-10-18,5.570000171661377,48.29999923706055,263.1700134277344,14.279999732971191,43.11000061035156,109.94999694824219,25.09000015258789,28.18000030517578,79.91999816894531
2021-10-19,5.21999979019165,45.02000045776367,267.79998779296875,13.729999542236328,40.31999969482422,106.80000305175781,24.059999465942383,27.829999923706055,79.0
2021-10-20,5.150000095367432,48.5,266.5,13.270000457763672,39.650001525878906,106.7300033569336,23.739999771118164,27.40999984741211,76.66999816894531
2021-10-21,4.570000171661377,43.0,272.80999755859375,12.40999984741211,39.38999938964844,103.6500015258789,22.799999237060547,26.559999465942383,75.16000366210938
2021-10-22,4.5,40.13999938964844,272.3299865722656,12.420000076293945,39.880001068115234,102.33000183105469,22.010000228881836,26.729999542236328,76.08000183105469
2021-10-25,4.820000171661377,42.220001220703125,270.0,12.34000015258789,40.650001525878906,104.55000305175781,21.729999542236328,27.959999084472656,77.0
2021-10-26,4.440000057220459,39.81999969482422,270.95001220703125,11.979999542236328,40.560001373291016,102.25,20.979999542236328,28.049999237060547,76.18000030517578
2021-10-27,4.570000171661377,40.099998474121094,268.6499938964844,11.600000381469727,39.56999969482422,102.4000015258789,21.350000381469727,27.350000381469727,74.44999694824219
2021-10-28,4.300000190734863,39.5099983215332,275.0,11.149999618530273,38.90999984741211,100.61000061035156,22.75,27.399999618530273,73.69999694824219
2021-10-29,4.110000133514404,36.0,276.0,10.8100004196167,38.900001525878906,99.68000030517578,23.229999542236328,26.899999618530273,71.61000061035156
2021-11-01,4.369999885559082,42.310001373291016,277.5,11.300000190734863,40.15999984741211,101.5199966430664,23.100000381469727,26.600000381469727,72.31999969482422
2021-11-03,4.679999828338623,44.58000183105469,275.79998779296875,11.550000190734863,40.52000045776367,102.0,23.829999923706055,25.549999237060547,66.83000183105469
2021-11-04,4.510000228881836,43.400001525878906,278.3999938964844,11.079999923706055,39.04999923706055,99.6500015258789,23.280000686645508,25.530000686645508,66.06999969482422
2021-11-05,4.789999961853027,46.16999816894531,275.55999755859375,12.4399995803833,39.4900016784668,100.80999755859375,23.709999084472656,24.510000228881836,64.11000061035156
2021-11-08,4.619999885559082,42.56999969482422,276.7099914550781,11.930000305175781,38.959999084472656,100.83000183105469,23.170000076293945,23.799999237060547,67.5999984741211
2021-11-09,4.53000020980835,42.61000061035156,272.8800048828125,13.130000114440918,40.7400016784668,101.38999938964844,23.540000915527344,23.989999771118164,65.94000244140625
2021-11-10,4.949999809265137,44.119998931884766,270.8900146484375,13.020000457763672,40.52000045776367,102.0199966430664,23.1200008392334,23.690000534057617,65.69000244140625
2021-11-11,5.210000038146973,46.40999984741211,266.4100036621094,13.649999618530273,40.02000045776367,103.55000305175781,22.899999618530273,25.110000610351562,68.01000213623047
2021-11-16,4.5,43.13999938964844,274.260009765625,9.739999771118164,30.610000610351562,100.36000061035156,22.6299991607666,25.440000534057617,66.33000183105469
2021-11-17,4.130000114440918,39.959999084472656,275.0199890136719,9.270000457763672,29.719999313354492,99.25,22.489999771118164,25.31999969482422,65.0
2021-11-18,4.190000057220459,38.91999816894531,278.0199890136719,8.989999771118164,30.350000381469727,98.6500015258789,22.520000457763672,24.280000686645508,62.33000183105469
2021-11-19,4.480000019073486,40.41999816894531,279.6600036621094,9.270000457763672,30.40999984741211,99.2699966430664,22.670000076293945,24.790000915527344,64.02999877929688
